idade,sexo,dor_no_peito,pressao_repouso,colesterol,glicemia_alta,ecg_repouso,freq_cardiaca_max,angina_exercicio,depressao_st,inclinacao_st,vasos_coloridos,talio,doenca_cardiaca
63,1,típica,145,233,1,2,150,0,2.3,3,0,defeito fixo,não
67,1,assintomática,160,286,0,2,108,1,1.5,2,3,normal,sim
67,1,assintomática,120,229,0,2,129,1,2.6,2,2,defeito reversível,sim
37,1,não anginosa,130,250,0,0,187,0,3.5,3,0,normal,não
41,0,atípica,130,204,0,2,172,0,1.4,1,0,normal,não
56,1,atípica,120,236,0,0,178,0,0.8,1,0,normal,não
62,0,assintomática,140,268,0,2,160,0,3.6,3,2,normal,sim
57,0,assintomática,120,354,0,0,163,1,0.6,1,0,normal,não
63,1,assintomática,130,254,0,2,147,0,1.4,2,1,defeito reversível,sim
53,1,assintomática,140,203,1,2,155,1,3.1,3,0,defeito reversível,sim
57,1,assintomática,140,192,0,0,148,0,0.4,2,0,defeito fixo,não
56,0,atípica,140,294,0,2,153,0,1.3,2,0,normal,não
56,1,não anginosa,130,256,1,2,142,1,0.6,2,1,defeito fixo,sim
44,1,atípica,120,263,0,0,173,0,0,1,0,defeito reversível,não
52,1,não anginosa,172,199,1,0,162,0,0.5,1,0,defeito reversível,não
57,1,não anginosa,150,168,0,0,174,0,1.6,1,0,normal,não
48,1,atípica,110,229,0,0,168,0,1,3,0,defeito reversível,sim
54,1,assintomática,140,239,0,0,160,0,1.2,1,0,normal,não
48,0,não anginosa,130,275,0,0,139,0,0.2,1,0,normal,não
49,1,atípica,130,266,0,0,171,0,0.6,1,0,normal,não
64,1,típica,110,211,0,2,144,1,1.8,2,0,normal,não
58,0,típica,150,283,1,2,162,0,1,1,0,normal,não
58,1,atípica,120,284,0,2,160,0,1.8,2,0,normal,sim
58,1,não anginosa,132,224,0,2,173,0,3.2,1,2,defeito reversível,sim
60,1,assintomática,130,206,0,2,132,1,2.4,2,2,defeito reversível,sim
50,0,não anginosa,120,219,0,0,158,0,1.6,2,0,normal,não
58,0,não anginosa,120,340,0,0,172,0,0,1,0,normal,não
66,0,típica,150,226,0,0,114,0,2.6,3,0,normal,não
43,1,assintomática,150,247,0,0,171,0,1.5,1,0,normal,não
40,1,assintomática,110,167,0,2,114,1,2,2,0,defeito reversível,sim
69,0,típica,140,239,0,0,151,0,1.8,1,2,normal,não
60,1,assintomática,117,230,1,0,160,1,1.4,1,2,defeito reversível,sim
64,1,não anginosa,140,335,0,0,158,0,0,1,0,normal,sim
59,1,assintomática,135,234,0,0,161,0,0.5,2,0,defeito reversível,não
44,1,não anginosa,130,233,0,0,179,1,0.4,1,0,normal,não
42,1,assintomática,140,226,0,0,178,0,0,1,0,normal,não
43,1,assintomática,120,177,0,2,120,1,2.5,2,0,defeito reversível,sim
57,1,assintomática,150,276,0,2,112,1,0.6,2,1,defeito fixo,sim
55,1,assintomática,132,353,0,0,132,1,1.2,2,1,defeito reversível,sim
61,1,não anginosa,150,243,1,0,137,1,1,2,0,normal,não
65,0,assintomática,150,225,0,2,114,0,1,2,3,defeito reversível,sim
40,1,típica,140,199,0,0,178,1,1.4,1,0,defeito reversível,não
71,0,atípica,160,302,0,0,162,0,0.4,1,2,normal,não
59,1,não anginosa,150,212,1,0,157,0,1.6,1,0,normal,não
61,0,assintomática,130,330,0,2,169,0,0,1,0,normal,sim
58,1,não anginosa,112,230,0,2,165,0,2.5,2,1,defeito reversível,sim
51,1,não anginosa,110,175,0,0,123,0,0.6,1,0,normal,não
50,1,assintomática,150,243,0,2,128,0,2.6,2,0,defeito reversível,sim
65,0,não anginosa,140,417,1,2,157,0,0.8,1,1,normal,não
53,1,não anginosa,130,197,1,2,152,0,1.2,3,0,normal,não
41,0,atípica,105,198,0,0,168,0,0,1,1,normal,não
65,1,assintomática,120,177,0,0,140,0,0.4,1,0,defeito reversível,não
44,1,assintomática,112,290,0,2,153,0,0,1,1,normal,sim
44,1,atípica,130,219,0,2,188,0,0,1,0,normal,não
60,1,assintomática,130,253,0,0,144,1,1.4,1,1,defeito reversível,sim
54,1,assintomática,124,266,0,2,109,1,2.2,2,1,defeito reversível,sim
50,1,não anginosa,140,233,0,0,163,0,0.6,2,1,defeito reversível,sim
41,1,assintomática,110,172,0,2,158,0,0,1,0,defeito reversível,sim
54,1,não anginosa,125,273,0,2,152,0,0.5,3,1,normal,não
51,1,típica,125,213,0,2,125,1,1.4,1,1,normal,não
51,0,assintomática,130,305,0,0,142,1,1.2,2,0,defeito reversível,sim
46,0,não anginosa,142,177,0,2,160,1,1.4,3,0,normal,não
58,1,assintomática,128,216,0,2,131,1,2.2,2,3,defeito reversível,sim
54,0,não anginosa,135,304,1,0,170,0,0,1,0,normal,não
54,1,assintomática,120,188,0,0,113,0,1.4,2,1,defeito reversível,sim
60,1,assintomática,145,282,0,2,142,1,2.8,2,2,defeito reversível,sim
60,1,não anginosa,140,185,0,2,155,0,3,2,0,normal,sim
54,1,não anginosa,150,232,0,2,165,0,1.6,1,0,defeito reversível,não
59,1,assintomática,170,326,0,2,140,1,3.4,3,0,defeito reversível,sim
46,1,não anginosa,150,231,0,0,147,0,3.6,2,0,normal,sim
65,0,não anginosa,155,269,0,0,148,0,0.8,1,0,normal,não
67,1,assintomática,125,254,1,0,163,0,0.2,2,2,defeito reversível,sim
62,1,assintomática,120,267,0,0,99,1,1.8,2,2,defeito reversível,sim
65,1,assintomática,110,248,0,2,158,0,0.6,1,2,defeito fixo,sim
44,1,assintomática,110,197,0,2,177,0,0,1,1,normal,sim
65,0,não anginosa,160,360,0,2,151,0,0.8,1,0,normal,não
60,1,assintomática,125,258,0,2,141,1,2.8,2,1,defeito reversível,sim
51,0,não anginosa,140,308,0,2,142,0,1.5,1,1,normal,não
48,1,atípica,130,245,0,2,180,0,0.2,2,0,normal,não
58,1,assintomática,150,270,0,2,111,1,0.8,1,0,defeito reversível,sim
45,1,assintomática,104,208,0,2,148,1,3,2,0,normal,não
53,0,assintomática,130,264,0,2,143,0,0.4,2,0,normal,não
39,1,não anginosa,140,321,0,2,182,0,0,1,0,normal,não
68,1,não anginosa,180,274,1,2,150,1,1.6,2,0,defeito reversível,sim
52,1,atípica,120,325,0,0,172,0,0.2,1,0,normal,não
44,1,não anginosa,140,235,0,2,180,0,0,1,0,normal,não
47,1,não anginosa,138,257,0,2,156,0,0,1,0,normal,não
53,0,não anginosa,128,216,0,2,115,0,0,1,0,,não
53,0,assintomática,138,234,0,2,160,0,0,1,0,normal,não
51,0,não anginosa,130,256,0,2,149,0,0.5,1,0,normal,não
66,1,assintomática,120,302,0,2,151,0,0.4,2,0,normal,não
62,0,assintomática,160,164,0,2,145,0,6.2,3,3,defeito reversível,sim
62,1,não anginosa,130,231,0,0,146,0,1.8,2,3,defeito reversível,não
44,0,não anginosa,108,141,0,0,175,0,0.6,2,0,normal,não
63,0,não anginosa,135,252,0,2,172,0,0,1,0,normal,não
52,1,assintomática,128,255,0,0,161,1,0,1,1,defeito reversível,sim
59,1,assintomática,110,239,0,2,142,1,1.2,2,1,defeito reversível,sim
60,0,assintomática,150,258,0,2,157,0,2.6,2,2,defeito reversível,sim
52,1,atípica,134,201,0,0,158,0,0.8,1,1,normal,não
48,1,assintomática,122,222,0,2,186,0,0,1,0,normal,não
45,1,assintomática,115,260,0,2,185,0,0,1,0,normal,não
34,1,típica,118,182,0,2,174,0,0,1,0,normal,não
57,0,assintomática,128,303,0,2,159,0,0,1,1,normal,não
71,0,não anginosa,110,265,1,2,130,0,0,1,1,normal,não
49,1,não anginosa,120,188,0,0,139,0,2,2,3,defeito reversível,sim
54,1,atípica,108,309,0,0,156,0,0,1,0,defeito reversível,não
59,1,assintomática,140,177,0,0,162,1,0,1,1,defeito reversível,sim
57,1,não anginosa,128,229,0,2,150,0,0.4,2,1,defeito reversível,sim
61,1,assintomática,120,260,0,0,140,1,3.6,2,1,defeito reversível,sim
39,1,assintomática,118,219,0,0,140,0,1.2,2,0,defeito reversível,sim
61,0,assintomática,145,307,0,2,146,1,1,2,0,defeito reversível,sim
56,1,assintomática,125,249,1,2,144,1,1.2,2,1,normal,sim
52,1,típica,118,186,0,2,190,0,0,2,0,defeito fixo,não
43,0,assintomática,132,341,1,2,136,1,3,2,0,defeito reversível,sim
62,0,não anginosa,130,263,0,0,97,0,1.2,2,1,defeito reversível,sim
41,1,atípica,135,203,0,0,132,0,0,2,0,defeito fixo,não
58,1,não anginosa,140,211,1,2,165,0,0,1,0,normal,não
35,0,assintomática,138,183,0,0,182,0,1.4,1,0,normal,não
63,1,assintomática,130,330,1,2,132,1,1.8,1,3,defeito reversível,sim
65,1,assintomática,135,254,0,2,127,0,2.8,2,1,defeito reversível,sim
48,1,assintomática,130,256,1,2,150,1,0,1,2,defeito reversível,sim
63,0,assintomática,150,407,0,2,154,0,4,2,3,defeito reversível,sim
51,1,não anginosa,100,222,0,0,143,1,1.2,2,0,normal,não
55,1,assintomática,140,217,0,0,111,1,5.6,3,0,defeito reversível,sim
65,1,típica,138,282,1,2,174,0,1.4,2,1,normal,sim
45,0,atípica,130,234,0,2,175,0,0.6,2,0,normal,não
56,0,assintomática,200,288,1,2,133,1,4,3,2,defeito reversível,sim
54,1,assintomática,110,239,0,0,126,1,2.8,2,1,defeito reversível,sim
44,1,atípica,120,220,0,0,170,0,0,1,0,normal,não
62,0,assintomática,124,209,0,0,163,0,0,1,0,normal,não
54,1,não anginosa,120,258,0,2,147,0,0.4,2,0,defeito reversível,não
51,1,não anginosa,94,227,0,0,154,1,0,1,1,defeito reversível,não
29,1,atípica,130,204,0,2,202,0,0,1,0,normal,não
51,1,assintomática,140,261,0,2,186,1,0,1,0,normal,não
43,0,não anginosa,122,213,0,0,165,0,0.2,2,0,normal,não
55,0,atípica,135,250,0,2,161,0,1.4,2,0,normal,não
70,1,assintomática,145,174,0,0,125,1,2.6,3,0,defeito reversível,sim
62,1,atípica,120,281,0,2,103,0,1.4,2,1,defeito reversível,sim
35,1,assintomática,120,198,0,0,130,1,1.6,2,0,defeito reversível,sim
51,1,não anginosa,125,245,1,2,166,0,2.4,2,0,normal,não
59,1,atípica,140,221,0,0,164,1,0,1,0,normal,não
59,1,típica,170,288,0,2,159,0,0.2,2,0,defeito reversível,sim
52,1,atípica,128,205,1,0,184,0,0,1,0,normal,não
64,1,não anginosa,125,309,0,0,131,1,1.8,2,0,defeito reversível,sim
58,1,não anginosa,105,240,0,2,154,1,0.6,2,0,defeito reversível,não
47,1,não anginosa,108,243,0,0,152,0,0,1,0,normal,sim
57,1,assintomática,165,289,1,2,124,0,1,2,3,defeito reversível,sim
41,1,não anginosa,112,250,0,0,179,0,0,1,0,normal,não
45,1,atípica,128,308,0,2,170,0,0,1,0,normal,não
60,0,não anginosa,102,318,0,0,160,0,0,1,1,normal,não
52,1,típica,152,298,1,0,178,0,1.2,2,0,defeito reversível,não
42,0,assintomática,102,265,0,2,122,0,0.6,2,0,normal,não
67,0,não anginosa,115,564,0,2,160,0,1.6,2,0,defeito reversível,não
55,1,assintomática,160,289,0,2,145,1,0.8,2,1,defeito reversível,sim
64,1,assintomática,120,246,0,2,96,1,2.2,3,1,normal,sim
70,1,assintomática,130,322,0,2,109,0,2.4,2,3,normal,sim
51,1,assintomática,140,299,0,0,173,1,1.6,1,0,defeito reversível,sim
58,1,assintomática,125,300,0,2,171,0,0,1,2,defeito reversível,sim
60,1,assintomática,140,293,0,2,170,0,1.2,2,2,defeito reversível,sim
68,1,não anginosa,118,277,0,0,151,0,1,1,1,defeito reversível,não
46,1,atípica,101,197,1,0,156,0,0,1,0,defeito reversível,não
77,1,assintomática,125,304,0,2,162,1,0,1,3,normal,sim
54,0,não anginosa,110,214,0,0,158,0,1.6,2,0,normal,não
58,0,assintomática,100,248,0,2,122,0,1,2,0,normal,não
48,1,não anginosa,124,255,1,0,175,0,0,1,2,normal,não
57,1,assintomática,132,207,0,0,168,1,0,1,0,defeito reversível,não
52,1,não anginosa,138,223,0,0,169,0,0,1,,normal,não
54,0,atípica,132,288,1,2,159,1,0,1,1,normal,não
35,1,assintomática,126,282,0,2,156,1,0,1,0,defeito reversível,sim
45,0,atípica,112,160,0,0,138,0,0,2,0,normal,não
70,1,não anginosa,160,269,0,0,112,1,2.9,2,1,defeito reversível,sim
53,1,assintomática,142,226,0,2,111,1,0,1,0,defeito reversível,não
59,0,assintomática,174,249,0,0,143,1,0,2,0,normal,sim
62,0,assintomática,140,394,0,2,157,0,1.2,2,0,normal,não
64,1,assintomática,145,212,0,2,132,0,2,2,2,defeito fixo,sim
57,1,assintomática,152,274,0,0,88,1,1.2,2,1,defeito reversível,sim
52,1,assintomática,108,233,1,0,147,0,0.1,1,3,defeito reversível,não
56,1,assintomática,132,184,0,2,105,1,2.1,2,1,defeito fixo,sim
43,1,não anginosa,130,315,0,0,162,0,1.9,1,1,normal,não
53,1,não anginosa,130,246,1,2,173,0,0,1,3,normal,não
48,1,assintomática,124,274,0,2,166,0,0.5,2,0,defeito reversível,sim
56,0,assintomática,134,409,0,2,150,1,1.9,2,2,defeito reversível,sim
42,1,típica,148,244,0,2,178,0,0.8,1,2,normal,não
59,1,típica,178,270,0,2,145,0,4.2,3,0,defeito reversível,não
60,0,assintomática,158,305,0,2,161,0,0,1,0,normal,sim
63,0,atípica,140,195,0,0,179,0,0,1,2,normal,não
42,1,não anginosa,120,240,1,0,194,0,0.8,3,0,defeito reversível,não
66,1,atípica,160,246,0,0,120,1,0,2,3,defeito fixo,sim
54,1,atípica,192,283,0,2,195,0,0,1,1,defeito reversível,sim
69,1,não anginosa,140,254,0,2,146,0,2,2,3,defeito reversível,sim
50,1,não anginosa,129,196,0,0,163,0,0,1,0,normal,não
51,1,assintomática,140,298,0,0,122,1,4.2,2,3,defeito reversível,sim
43,1,assintomática,132,247,1,2,143,1,0.1,2,,defeito reversível,sim
62,0,assintomática,138,294,1,0,106,0,1.9,2,3,normal,sim
68,0,não anginosa,120,211,0,2,115,0,1.5,2,0,normal,não
67,1,assintomática,100,299,0,2,125,1,0.9,2,2,normal,sim
69,1,típica,160,234,1,2,131,0,0.1,2,1,normal,não
45,0,assintomática,138,236,0,2,152,1,0.2,2,0,normal,não
50,0,atípica,120,244,0,0,162,0,1.1,1,0,normal,não
59,1,típica,160,273,0,2,125,0,0,1,0,normal,sim
50,0,assintomática,110,254,0,2,159,0,0,1,0,normal,não
64,0,assintomática,180,325,0,0,154,1,0,1,0,normal,não
57,1,não anginosa,150,126,1,0,173,0,0.2,1,1,defeito reversível,não
64,0,não anginosa,140,313,0,0,133,0,0.2,1,0,defeito reversível,não
43,1,assintomática,110,211,0,0,161,0,0,1,0,defeito reversível,não
45,1,assintomática,142,309,0,2,147,1,0,2,3,defeito reversível,sim
58,1,assintomática,128,259,0,2,130,1,3,2,2,defeito reversível,sim
50,1,assintomática,144,200,0,2,126,1,0.9,2,0,defeito reversível,sim
55,1,atípica,130,262,0,0,155,0,0,1,0,normal,não
62,0,assintomática,150,244,0,0,154,1,1.4,2,0,normal,sim
37,0,não anginosa,120,215,0,0,170,0,0,1,0,normal,não
38,1,típica,120,231,0,0,182,1,3.8,2,0,defeito reversível,sim
41,1,não anginosa,130,214,0,2,168,0,2,2,0,normal,não
66,0,assintomática,178,228,1,0,165,1,1,2,2,defeito reversível,sim
52,1,assintomática,112,230,0,0,160,0,0,1,1,normal,sim
56,1,típica,120,193,0,2,162,0,1.9,2,0,defeito reversível,não
46,0,atípica,105,204,0,0,172,0,0,1,0,normal,não
46,0,assintomática,138,243,0,2,152,1,0,2,0,normal,não
64,0,assintomática,130,303,0,0,122,0,2,2,2,normal,não
59,1,assintomática,138,271,0,2,182,0,0,1,0,normal,não
41,0,não anginosa,112,268,0,2,172,1,0,1,0,normal,não
54,0,não anginosa,108,267,0,2,167,0,0,1,0,normal,não
39,0,não anginosa,94,199,0,0,179,0,0,1,0,normal,não
53,1,assintomática,123,282,0,0,95,1,2,2,2,defeito reversível,sim
63,0,assintomática,108,269,0,0,169,1,1.8,2,2,normal,sim
34,0,atípica,118,210,0,0,192,0,0.7,1,0,normal,não
47,1,assintomática,112,204,0,0,143,0,0.1,1,0,normal,não
67,0,não anginosa,152,277,0,0,172,0,0,1,1,normal,não
54,1,assintomática,110,206,0,2,108,1,0,2,1,normal,sim
66,1,assintomática,112,212,0,2,132,1,0.1,1,1,normal,sim
52,0,não anginosa,136,196,0,2,169,0,0.1,2,0,normal,não
55,0,assintomática,180,327,0,1,117,1,3.4,2,0,normal,sim
49,1,não anginosa,118,149,0,2,126,0,0.8,1,3,normal,sim
74,0,atípica,120,269,0,2,121,1,0.2,1,1,normal,não
54,0,não anginosa,160,201,0,0,163,0,0,1,1,normal,não
54,1,assintomática,122,286,0,2,116,1,3.2,2,2,normal,sim
56,1,assintomática,130,283,1,2,103,1,1.6,3,0,defeito reversível,sim
46,1,assintomática,120,249,0,2,144,0,0.8,1,0,defeito reversível,sim
49,0,atípica,134,271,0,0,162,0,0,2,0,normal,não
42,1,atípica,120,295,0,0,162,0,0,1,0,normal,não
41,1,atípica,110,235,0,0,153,0,0,1,0,normal,não
41,0,atípica,126,306,0,0,163,0,0,1,0,normal,não
49,0,assintomática,130,269,0,0,163,0,0,1,0,normal,não
61,1,típica,134,234,0,0,145,0,2.6,2,2,normal,sim
60,0,não anginosa,120,178,1,0,96,0,0,1,0,normal,não
67,1,assintomática,120,237,0,0,71,0,1,2,0,normal,sim
58,1,assintomática,100,234,0,0,156,0,0.1,1,1,defeito reversível,sim
47,1,assintomática,110,275,0,2,118,1,1,2,1,normal,sim
52,1,assintomática,125,212,0,0,168,0,1,1,2,defeito reversível,sim
62,1,atípica,128,208,1,2,140,0,0,1,0,normal,não
57,1,assintomática,110,201,0,0,126,1,1.5,2,0,defeito fixo,não
58,1,assintomática,146,218,0,0,105,0,2,2,1,defeito reversível,sim
64,1,assintomática,128,263,0,0,105,1,0.2,2,1,defeito reversível,não
51,0,não anginosa,120,295,0,2,157,0,0.6,1,0,normal,não
43,1,assintomática,115,303,0,0,181,0,1.2,2,0,normal,não
42,0,não anginosa,120,209,0,0,173,0,0,2,0,normal,não
67,0,assintomática,106,223,0,0,142,0,0.3,1,2,normal,não
76,0,não anginosa,140,197,0,1,116,0,1.1,2,0,normal,não
70,1,atípica,156,245,0,2,143,0,0,1,0,normal,não
57,1,atípica,124,261,0,0,141,0,0.3,1,0,defeito reversível,sim
44,0,não anginosa,118,242,0,0,149,0,0.3,2,1,normal,não
58,0,atípica,136,319,1,2,152,0,0,1,2,normal,sim
60,0,típica,150,240,0,0,171,0,0.9,1,0,normal,não
44,1,não anginosa,120,226,0,0,169,0,0,1,0,normal,não
61,1,assintomática,138,166,0,2,125,1,3.6,2,1,normal,sim
42,1,assintomática,136,315,0,0,125,1,1.8,2,0,defeito fixo,sim
52,1,assintomática,128,204,1,0,156,1,1,2,0,,sim
59,1,não anginosa,126,218,1,0,134,0,2.2,2,1,defeito fixo,sim
40,1,assintomática,152,223,0,0,181,0,0,1,0,defeito reversível,sim
42,1,não anginosa,130,180,0,0,150,0,0,1,0,normal,não
61,1,assintomática,140,207,0,2,138,1,1.9,1,1,defeito reversível,sim
66,1,assintomática,160,228,0,2,138,0,2.3,1,0,defeito fixo,não
46,1,assintomática,140,311,0,0,120,1,1.8,2,2,defeito reversível,sim
71,0,assintomática,112,149,0,0,125,0,1.6,2,0,normal,não
59,1,típica,134,204,0,0,162,0,0.8,1,2,normal,sim
64,1,típica,170,227,0,2,155,0,0.6,2,0,defeito reversível,não
66,0,não anginosa,146,278,0,2,152,0,0,2,1,normal,não
39,0,não anginosa,138,220,0,0,152,0,0,2,0,normal,não
57,1,atípica,154,232,0,2,164,0,0,1,1,normal,sim
58,0,assintomática,130,197,0,0,131,0,0.6,2,0,normal,não
57,1,assintomática,110,335,0,0,143,1,3,2,1,defeito reversível,sim
47,1,não anginosa,130,253,0,0,179,0,0,1,0,normal,não
55,0,assintomática,128,205,0,1,130,1,2,2,1,defeito reversível,sim
35,1,atípica,122,192,0,0,174,0,0,1,0,normal,não
61,1,assintomática,148,203,0,0,161,0,0,1,1,defeito reversível,sim
58,1,assintomática,114,318,0,1,140,0,4.4,3,3,defeito fixo,sim
58,0,assintomática,170,225,1,2,146,1,2.8,2,2,defeito fixo,sim
58,1,atípica,125,220,0,0,144,0,0.4,2,,defeito reversível,não
56,1,atípica,130,221,0,2,163,0,0,1,0,defeito reversível,não
56,1,atípica,120,240,0,0,169,0,0,3,0,normal,não
67,1,não anginosa,152,212,0,2,150,0,0.8,2,0,defeito reversível,sim
55,0,atípica,132,342,0,0,166,0,1.2,1,0,normal,não
44,1,assintomática,120,169,0,0,144,1,2.8,3,0,defeito fixo,sim
63,1,assintomática,140,187,0,2,144,1,4,1,2,defeito reversível,sim
63,0,assintomática,124,197,0,0,136,1,0,2,0,normal,sim
41,1,atípica,120,157,0,0,182,0,0,1,0,normal,não
59,1,assintomática,164,176,1,2,90,0,1,2,2,defeito fixo,sim
57,0,assintomática,140,241,0,0,123,1,0.2,2,0,defeito reversível,sim
45,1,típica,110,264,0,0,132,0,1.2,2,0,defeito reversível,sim
68,1,assintomática,144,193,1,0,141,0,3.4,2,2,defeito reversível,sim
57,1,assintomática,130,131,0,0,115,1,1.2,2,1,defeito reversível,sim
57,0,atípica,130,236,0,2,174,0,0,2,1,normal,sim
38,1,não anginosa,138,175,0,0,173,0,0,1,,normal,não
